1	21066535	21071808	-1	PTmerged1
1	23819103	23825814	-1	PTmerged2
1	34637771	34649882	1	PTmerged3
1	34849102	34859419	-1	PTmerged4
1	37455018	37459678	-1	PTmerged5
1	57386395	57401922	-1	PTmerged6
1	60515907	60520306	1	PTmerged7
1	63088866	63098804	-1	PTmerged8
1	64068609	64074917	-1	PTmerged9
1	67039691	67044859	-1	PTmerged10
1	74604522	74614498	-1	PTmerged11
1	87866683	87874218	1	PTmerged13
1	88183935	88197689	-1	PTmerged14
1	91470865	91490549	1	PTmerged16
1	92903903	92929737	-1	PTmerged17
1	93290938	93301195	1	PTmerged18
1	93507468	93517678	1	PTmerged19
1	93779792	93786662	1	PTmerged20
1	103243800	103254762	1	PTmerged21
1	118223056	118228753	-1	PTmerged22
1	118602869	118614223	1	PTmerged23
1	119470267	119479324	-1	PTmerged24
1	125102659	125107591	1	PTmerged25
1	125111528	125116109	1	PTmerged26
1	127409333	127416511	1	PTmerged27
1	131857834	131863766	1	PTmerged28
1	131948782	131962294	1	PTmerged29
1	132388741	132394401	1	PTmerged30
1	132912736	132920696	-1	PTmerged31
1	133055968	133073057	1	PTmerged32
1	134681170	134688674	-1	PTmerged34
1	136160207	136168740	1	PTmerged35
1	139095413	139104163	1	PTmerged36
1	155150652	155158513	-1	PTmerged37
1	156251781	156261810	-1	PTmerged38
1	156466721	156480569	1	PTmerged39
1	160792539	160805141	1	PTmerged40
1	160829345	160848551	-1	PTmerged42
1	165149027	165154919	1	PTmerged43
1	165690782	165705121	-1	PTmerged44
1	166219836	166228167	-1	PTmerged46
1	167049708	167055338	-1	PTmerged47
1	167223861	167229327	-1	PTmerged48
1	170020389	170027575	-1	PTmerged49
1	172202005	172213860	1	PTmerged50
1	178309014	178315863	1	PTmerged51
1	186699258	186703745	1	PTmerged53
1	189601537	189609896	1	PTmerged54
1	191352508	191356560	1	PTmerged55
1	191510867	191515772	1	PTmerged56
1	192573313	192579924	-1	PTmerged57
2	25871669	25880446	1	PTmerged441
2	26025631	26032674	-1	PTmerged442
2	28575742	28582970	1	PTmerged444
2	28709223	28720665	-1	PTmerged445
2	28998548	29014526	-1	PTmerged446
2	29067583	29072490	1	PTmerged448
2	30144214	30149900	1	PTmerged450
2	31686097	31694449	1	PTmerged451
2	32119785	32127521	1	PTmerged452
2	32851167	32857247	1	PTmerged453
2	33298251	33303358	-1	PTmerged454
2	37456642	37473348	-1	PTmerged455
2	38611810	38619650	-1	PTmerged456
2	68373714	68392020	-1	PTmerged457
2	68939161	68944559	1	PTmerged458
2	75788795	75795735	-1	PTmerged459
2	75805618	75810334	-1	PTmerged460
2	84418174	84431207	-1	PTmerged462
2	90843702	90849314	1	PTmerged463
2	91092136	91113358	1	PTmerged464
2	91764505	91770339	1	PTmerged465
2	92345890	92352842	-1	PTmerged466
2	92358050	92447735	1	PTmerged467
2	92795557	92803760	-1	PTmerged468
2	92879322	92888285	1	PTmerged469
2	93798345	93816994	1	PTmerged472
2	102129122	102136158	-1	PTmerged474
2	118356790	118363960	-1	PTmerged475
2	119426462	119439454	1	PTmerged476
2	120524479	120537916	1	PTmerged478
2	120563517	120571323	-1	PTmerged479
2	127096920	127105665	1	PTmerged480
2	127529968	127549982	1	PTmerged481
2	129667937	129675912	1	PTmerged482
2	130867782	130872155	1	PTmerged484
2	131139104	131145696	-1	PTmerged486
2	131893940	131899754	-1	PTmerged487
2	132146070	132154137	1	PTmerged488
2	134435386	134440723	-1	PTmerged489
2	150978918	151010245	1	PTmerged491
2	151086137	151118129	-1	PTmerged492
2	151146565	151192488	1	PTmerged493
2	152149475	152158902	1	PTmerged495
2	153066947	153077939	-1	PTmerged496
2	153106073	153115469	1	PTmerged498
2	153608946	153617160	1	PTmerged499
2	154139794	154145624	-1	PTmerged500
2	156038167	156059887	1	PTmerged501
2	158477229	158488924	1	PTmerged502
2	158602119	158609784	1	PTmerged503
2	160603880	160615142	-1	PTmerged504
2	163992673	163998672	1	PTmerged505
2	167313005	167321792	1	PTmerged507
2	167319958	167328939	-1	PTmerged508
2	167353134	167358034	1	PTmerged509
2	168021667	168028530	-1	PTmerged510
2	178059945	178066400	1	PTmerged511
2	181187782	181197424	1	PTmerged512
2	181222892	181229591	-1	PTmerged513
3	9345029	9352198	1	PTmerged514
3	20505162	20526947	-1	PTmerged516
3	21208249	21214842	1	PTmerged517
3	28907159	28926178	-1	PTmerged518
3	31751422	31764500	1	PTmerged521
3	32388091	32397826	-1	PTmerged522
3	32552217	32564653	1	PTmerged523
3	34497396	34512516	-1	PTmerged524
3	34920983	34936678	1	PTmerged525
3	49048694	49057416	1	PTmerged526
3	49083860	49089413	1	PTmerged527
3	51136527	51145370	1	PTmerged528
3	68972620	68981423	-1	PTmerged529
3	88327828	88332413	-1	PTmerged531
3	88635929	88642174	1	PTmerged533
3	88826128	88831220	-1	PTmerged534
3	93230000	93243278	-1	PTmerged535
3	94402447	94410912	-1	PTmerged536
3	95085986	95099974	-1	PTmerged537
3	95531352	95540294	1	PTmerged539
3	95563801	95573320	1	PTmerged541
3	96764337	96778341	-1	PTmerged542
3	97575951	97582509	1	PTmerged543
3	102907365	102913532	1	PTmerged544
3	108264644	108270570	1	PTmerged546
3	108864930	108877196	1	PTmerged547
3	124189298	124216727	-1	PTmerged548
3	131112664	131116900	-1	PTmerged549
3	137611623	137622019	1	PTmerged550
3	144393011	144397879	-1	PTmerged551
4	10989528	10991056	-1	PTmerged552
4	42099797	42109199	-1	PTmerged554
4	42597127	42606529	-1	PTmerged555
4	42779235	42783578	1	PTmerged556
4	42980530	42987468	-1	PTmerged557
4	42994521	43003429	-1	PTmerged558
4	43414849	43423255	1	PTmerged559
4	45370949	45382186	1	PTmerged560
4	45393443	45402393	-1	PTmerged561
4	56803294	56813063	1	PTmerged564
4	56865660	56879954	-1	PTmerged566
4	57352197	57371007	-1	PTmerged567
4	59766089	59779643	-1	PTmerged568
4	62133607	62161533	-1	PTmerged570
4	62360504	62373181	-1	PTmerged571
4	62422466	62427544	-1	PTmerged573
4	94156649	94229579	-1	PTmerged575
4	97510156	97521240	-1	PTmerged576
4	101319382	101326051	1	PTmerged578
4	106992336	106996987	-1	PTmerged579
4	108031303	108041297	-1	PTmerged580
4	108083155	108095063	-1	PTmerged581
4	115629479	115636135	1	PTmerged582
4	115987543	115996420	-1	PTmerged583
4	119075189	119084924	-1	PTmerged584
4	120747214	120755193	1	PTmerged585
4	120762556	120774739	-1	PTmerged586
4	120793356	120808190	-1	PTmerged587
4	123301512	123305799	-1	PTmerged588
4	123716761	123749607	-1	PTmerged589
4	123774069	123793929	-1	PTmerged590
4	126225621	126235687	-1	PTmerged591
4	126325793	126334645	-1	PTmerged592
4	128470958	128480564	-1	PTmerged593
4	129106429	129112998	1	PTmerged594
4	129536423	129542179	-1	PTmerged595
4	132793961	132798753	1	PTmerged597
4	132919432	132930259	1	PTmerged598
4	133019805	133024954	-1	PTmerged599
4	134940628	134945984	-1	PTmerged601
4	134979715	134985504	-1	PTmerged602
4	135135252	135146829	-1	PTmerged606
4	135334593	135367025	1	PTmerged607
4	136269395	136280394	1	PTmerged608
4	138618391	138625437	-1	PTmerged610
4	139101040	139106756	1	PTmerged611
4	140926808	140931206	1	PTmerged612
4	141197198	141207837	-1	PTmerged613
4	148158457	148166786	-1	PTmerged615
4	149258257	149265220	-1	PTmerged616
4	152384132	152393324	1	PTmerged617
4	155702882	155709399	1	PTmerged618
4	155797198	155806279	1	PTmerged619
5	3569361	3583457	1	PTmerged620
5	5677379	5680452	-1	PTmerged621
5	24166019	24170256	-1	PTmerged623
5	29985861	29991883	1	PTmerged624
5	31330354	31339342	-1	PTmerged625
5	33394364	33403370	1	PTmerged626
5	34158122	34162957	1	PTmerged628
5	34329439	34336237	-1	PTmerged629
5	35093640	35098614	-1	PTmerged631
5	35107142	35117550	1	PTmerged632
5	35705126	35714415	-1	PTmerged633
5	36733375	36739529	-1	PTmerged634
5	38355281	38364046	-1	PTmerged635
5	38825575	38832225	-1	PTmerged636
5	52353518	52359214	1	PTmerged638
5	67540566	67558415	-1	PTmerged639
5	88695867	88703844	1	PTmerged640
5	101979938	102003575	-1	PTmerged641
5	110803935	110810778	1	PTmerged642
5	113507028	113529057	1	PTmerged644
5	114201586	114209561	1	PTmerged646
5	114953416	114963444	-1	PTmerged647
5	114965090	114997077	-1	PTmerged648
5	115274960	115289601	-1	PTmerged649
5	123589964	123600057	1	PTmerged650
5	124504156	124514340	-1	PTmerged652
5	124624376	124635018	1	PTmerged653
5	125531440	125538302	1	PTmerged654
5	125551315	125559174	1	PTmerged656
5	129793325	129799298	1	PTmerged657
5	130009907	130018387	1	PTmerged658
5	130179727	130186906	1	PTmerged660
5	134164964	134175948	1	PTmerged661
5	135183179	135197309	1	PTmerged662
5	135435906	135440773	-1	PTmerged664
5	135671493	135678209	1	PTmerged665
5	135934565	135944245	-1	PTmerged666
5	136229891	136237836	1	PTmerged667
5	136292864	136305809	-1	PTmerged668
5	136959457	136970621	1	PTmerged670
5	138135273	138148963	-1	PTmerged671
5	142441811	142449428	1	PTmerged673
5	142648790	142658540	1	PTmerged674
5	142850206	142860034	-1	PTmerged675
5	143298094	143311992	-1	PTmerged677
5	143742856	143769558	1	PTmerged678
5	148263007	148270801	-1	PTmerged681
5	149708782	149759355	-1	PTmerged682
6	29905118	29914734	1	PTmerged683
6	30449508	30456024	1	PTmerged684
6	38479304	38489675	1	PTmerged685
6	38585101	38589903	1	PTmerged686
6	38664458	38675523	-1	PTmerged687
6	39577188	39589874	-1	PTmerged688
6	40377706	40385267	-1	PTmerged689
6	47841411	47853239	1	PTmerged690
6	48542102	48552372	1	PTmerged691
6	54617719	54623936	1	PTmerged692
6	72324294	72329009	1	PTmerged694
6	72582997	72591670	-1	PTmerged695
6	81869448	81891837	-1	PTmerged697
6	83312980	83324006	1	PTmerged698
6	83337821	83347592	-1	PTmerged700
6	83558061	83570097	1	PTmerged701
6	83691137	83696443	1	PTmerged702
6	83744851	83751458	-1	PTmerged703
6	83781100	83789162	-1	PTmerged705
6	85081720	85103234	-1	PTmerged706
6	85443633	85458580	-1	PTmerged708
6	85489031	85496124	1	PTmerged709
6	85915767	85927053	-1	PTmerged710
6	85956012	85981511	-1	PTmerged712
6	86972786	86981473	1	PTmerged713
6	87006728	87022624	-1	PTmerged714
6	87762323	87772268	-1	PTmerged715
6	87917996	87980401	-1	PTmerged717
6	88800171	88805328	1	PTmerged718
6	92141003	92152804	1	PTmerged719
6	92162141	92168318	-1	PTmerged720
6	95106508	95122412	1	PTmerged721
6	100205272	100211076	-1	PTmerged722
6	112591605	112598520	-1	PTmerged723
6	113603340	113608944	1	PTmerged724
6	113690972	113696969	1	PTmerged725
6	115791004	115798964	1	PTmerged727
6	119545369	119553167	-1	PTmerged728
6	120860945	120872791	1	PTmerged729
6	122463705	122468242	1	PTmerged731
6	122473719	122483560	1	PTmerged732
6	124795415	124801699	1	PTmerged733
6	124932681	124941309	-1	PTmerged734
6	127102749	127108152	-1	PTmerged735
6	128142514	128184730	-1	PTmerged737
6	128415363	128430954	1	PTmerged738
6	134423531	134427916	-1	PTmerged739
6	136580954	136590938	1	PTmerged740
6	140537745	140544958	1	PTmerged741
6	148549496	148561253	-1	PTmerged742
7	6585193	6659009	-1	PTmerged743
7	16295416	16299239	-1	PTmerged745
7	23917216	23928392	-1	PTmerged746
7	24232441	24240217	1	PTmerged747
7	25318815	25327650	1	PTmerged748
7	27374480	27387329	1	PTmerged749
7	27887419	27899936	1	PTmerged750
7	29829503	29833732	1	PTmerged752
7	34745277	34752908	-1	PTmerged754
7	38145457	38154274	1	PTmerged755
7	40770335	40774215	-1	PTmerged756
7	40800505	40827963	-1	PTmerged757
7	40925487	40945349	-1	PTmerged758
7	42838918	42851440	1	PTmerged759
7	45428480	45433437	-1	PTmerged760
7	45481450	45491738	1	PTmerged761
7	52535004	52571947	1	PTmerged762
7	69534283	69541172	-1	PTmerged764
7	69574903	69588362	1	PTmerged765
7	72742676	72815013	1	PTmerged766
7	73273569	73279461	1	PTmerged768
7	73396138	73405719	-1	PTmerged770
7	73408791	73414868	-1	PTmerged771
7	73482043	73491833	1	PTmerged772
7	73514552	73519360	1	PTmerged773
7	75397426	75404943	1	PTmerged774
7	75415501	75434756	-1	PTmerged775
7	79007833	79016795	1	PTmerged776
7	79524136	79532779	-1	PTmerged778
7	80857783	80864773	-1	PTmerged779
7	81254077	81261092	-1	PTmerged780
7	81535315	81544791	-1	PTmerged781
7	81819782	81826815	-1	PTmerged783
7	99566382	99578055	-1	PTmerged787
7	100484556	100492225	1	PTmerged788
7	108627023	108634632	1	PTmerged789
7	115927738	115936117	-1	PTmerged791
7	118440496	118445284	-1	PTmerged792
7	119451301	119457270	-1	PTmerged793
7	121156262	121164177	-1	PTmerged794
7	121240723	121248579	-1	PTmerged795
7	121675256	121685227	1	PTmerged796
7	124918905	124938089	-1	PTmerged797
7	126620173	126625794	-1	PTmerged799
7	127020889	127025781	1	PTmerged800
7	127259043	127266217	-1	PTmerged801
7	127475002	127484848	1	PTmerged802
7	132309752	132320371	-1	PTmerged803
7	134845382	134857999	-1	PTmerged804
7	135296310	135301655	-1	PTmerged805
7	141432626	141438463	-1	PTmerged806
8	4278328	4290154	-1	PTmerged807
8	4333722	4341300	-1	PTmerged808
8	13826562	13836251	-1	PTmerged809
8	22557941	22563293	1	PTmerged810
8	23081524	23090837	1	PTmerged811
8	23709048	23717333	-1	PTmerged813
8	25641438	25653284	-1	PTmerged814
8	34393556	34405327	-1	PTmerged816
8	35292019	35298814	-1	PTmerged817
8	37554241	37574882	-1	PTmerged818
8	66963870	66975428	1	PTmerged819
8	70275828	70286876	1	PTmerged821
8	70458648	70472553	-1	PTmerged822
8	70835029	70840800	-1	PTmerged823
8	71394743	71414395	-1	PTmerged825
8	71468647	71474438	-1	PTmerged826
8	80398852	80404631	1	PTmerged828
8	85414444	85418502	1	PTmerged829
8	85420232	85427548	1	PTmerged830
8	86574789	86582306	-1	PTmerged831
8	92911758	92931935	1	PTmerged832
8	94134078	94154763	-1	PTmerged833
8	94538299	94547339	1	PTmerged834
8	94739723	94750256	-1	PTmerged835
8	96534278	96541030	1	PTmerged836
8	105073731	105084506	-1	PTmerged837
8	106491430	106499791	-1	PTmerged838
8	107737476	107748739	1	PTmerged839
8	107909448	107913835	1	PTmerged840
8	110450084	110462129	-1	PTmerged841
8	110841184	110861471	1	PTmerged843
8	111725811	111741047	-1	PTmerged844
8	111857953	111869519	1	PTmerged845
8	112586914	112596361	-1	PTmerged847
8	117690394	117696816	-1	PTmerged848
8	117739954	117746424	1	PTmerged849
8	117929707	117946119	1	PTmerged850
8	121379371	121385797	-1	PTmerged851
8	121395006	121403238	1	PTmerged852
8	122323791	122330718	-1	PTmerged853
8	122634342	122647498	1	PTmerged854
8	123613796	123624421	-1	PTmerged855
8	125459796	125464770	1	PTmerged856
8	125561815	125568578	-1	PTmerged857
8	125615970	125625815	-1	PTmerged859
9	3178777	3191060	-1	PTmerged860
9	3211021	3216031	1	PTmerged861
9	3385059	3391141	1	PTmerged862
9	14236969	14244779	1	PTmerged865
9	21501177	21508944	1	PTmerged866
9	27255765	27269242	1	PTmerged867
9	30977568	30988053	1	PTmerged868
9	32168505	32176323	1	PTmerged870
9	37178473	37191008	-1	PTmerged871
9	50800947	50806749	-1	PTmerged872
9	51755857	51768951	1	PTmerged873
9	54180154	54205590	1	PTmerged875
9	56109302	56114265	-1	PTmerged876
9	62697844	62704217	-1	PTmerged877
9	65599282	65605408	-1	PTmerged879
9	65947795	65952201	1	PTmerged880
9	66021306	66026216	-1	PTmerged881
9	75321809	75330644	1	PTmerged883
9	75474327	75479273	-1	PTmerged884
9	83479349	83483743	1	PTmerged885
9	88482135	88514394	1	PTmerged886
9	88909861	88948399	-1	PTmerged887
9	106562207	106572061	-1	PTmerged888
9	107423177	107429852	1	PTmerged891
9	107917402	107930056	1	PTmerged892
9	110375220	110382145	1	PTmerged893
9	114204333	114204336	1	PTmerged895
9	114232520	114240261	1	PTmerged897
9	114334495	114343685	-1	PTmerged899
9	114557384	114567902	1	PTmerged900
9	114572653	114581382	1	PTmerged901
9	118160678	118172682	1	PTmerged902
9	119261561	119272927	1	PTmerged905
9	119289907	119297174	1	PTmerged906
9	121508082	121515681	-1	PTmerged907
9	122601737	122637894	-1	PTmerged908
9	122702036	122706300	-1	PTmerged909
9	122892381	122898838	-1	PTmerged910
10	18664316	18710932	-1	PTmerged58
10	23335215	23340845	1	PTmerged59
10	34172817	34178137	1	PTmerged60
10	39524196	39532337	-1	PTmerged61
10	40352199	40362607	1	PTmerged62
10	41926663	41932846	-1	PTmerged63
10	45252200	45257006	-1	PTmerged64
10	59913272	59921235	1	PTmerged67
10	61261436	61275697	-1	PTmerged68
10	62342707	62352961	1	PTmerged70
10	62485721	62545134	1	PTmerged71
10	63174314	63181145	1	PTmerged72
10	66511822	66548226	-1	PTmerged73
10	66842322	66849550	-1	PTmerged75
10	75606580	75612957	-1	PTmerged77
10	75666544	75737175	1	PTmerged78
10	75871915	75882038	1	PTmerged79
10	77124661	77131663	-1	PTmerged80
10	78021898	78030418	-1	PTmerged81
10	78100965	78110098	-1	PTmerged82
10	78271811	78278448	-1	PTmerged83
10	79685790	79690503	-1	PTmerged84
10	80240781	80247789	1	PTmerged86
10	80422361	80427194	-1	PTmerged88
10	80633842	80642855	1	PTmerged89
10	81100653	81107580	1	PTmerged90
10	81206031	81219259	-1	PTmerged93
10	81238558	81274618	1	PTmerged94
10	83199995	83325873	1	PTmerged95
10	84319747	84350494	1	PTmerged96
10	85570884	85621843	1	PTmerged97
10	85642956	85649881	1	PTmerged99
10	85670435	85707821	-1	PTmerged100
10	85672961	85678573	1	PTmerged101
10	86369863	86379791	-1	PTmerged103
10	86537187	86541338	-1	PTmerged105
10	86669265	86675066	1	PTmerged106
10	86742277	86751756	1	PTmerged107
10	94506838	94514411	-1	PTmerged108
10	99096255	99102522	1	PTmerged109
10	112761171	112766816	-1	PTmerged110
10	127520487	127537134	1	PTmerged111
10	128271389	128281900	1	PTmerged112
11	3257651	3268414	1	PTmerged113
11	5045470	5057534	1	PTmerged114
11	5224797	5234318	-1	PTmerged115
11	5475007	5486012	-1	PTmerged116
11	5639151	5655544	1	PTmerged117
11	6417956	6424702	-1	PTmerged118
11	8941875	8948755	-1	PTmerged119
11	20597006	20604077	1	PTmerged120
11	28285121	28290161	-1	PTmerged121
11	29494322	29501952	-1	PTmerged122
11	33194095	33206706	-1	PTmerged123
11	35675944	35682003	1	PTmerged124
11	45724115	45728659	-1	PTmerged125
11	45818969	45825328	-1	PTmerged126
11	50191553	50203184	-1	PTmerged127
11	53303880	53314758	1	PTmerged128
11	55390322	55396680	1	PTmerged129
11	57418676	57425678	1	PTmerged130
11	57947066	57955747	1	PTmerged131
11	60626918	60632939	-1	PTmerged134
11	60665474	60682028	1	PTmerged136
11	60790440	60800292	-1	PTmerged137
11	61755031	61765506	-1	PTmerged138
11	62109698	62114284	1	PTmerged139
11	68862216	68868492	-1	PTmerged140
11	72660443	72671810	-1	PTmerged143
11	72969769	72980661	1	PTmerged144
11	74707739	74718469	1	PTmerged145
11	74725992	74740047	1	PTmerged146
11	74772025	74779847	1	PTmerged147
11	75461397	75471658	1	PTmerged148
11	75582815	75588107	1	PTmerged149
11	75619253	75623913	-1	PTmerged150
11	76100059	76106072	-1	PTmerged151
11	77344280	77353501	1	PTmerged152
11	77420094	77429062	-1	PTmerged153
11	78727955	78736216	1	PTmerged155
11	79577345	79592817	1	PTmerged156
11	82764839	82774792	-1	PTmerged157
11	83931686	83934923	1	PTmerged158
11	85077268	85084037	-1	PTmerged160
11	88923198	88933112	-1	PTmerged162
11	90367381	90371536	-1	PTmerged163
11	95162042	95168433	-1	PTmerged164
11	95652235	95665388	1	PTmerged165
11	95846980	95855826	-1	PTmerged166
11	97280849	97291253	1	PTmerged167
11	97953824	97967691	1	PTmerged169
11	97971020	97979859	-1	PTmerged170
11	98786604	98799463	1	PTmerged172
11	98833917	98842837	1	PTmerged173
11	100344398	100359825	-1	PTmerged174
11	101142921	101152011	1	PTmerged175
11	101495673	101508685	1	PTmerged176
11	102366804	102374025	-1	PTmerged178
11	103309217	103345162	1	PTmerged180
11	103563863	103570642	-1	PTmerged181
11	105812622	105820155	1	PTmerged182
11	105942507	105953847	1	PTmerged183
11	108305366	108319278	-1	PTmerged185
11	109285536	109293524	1	PTmerged186
11	115854232	115860738	1	PTmerged188
11	117613114	117625047	1	PTmerged189
11	118297310	118302002	-1	PTmerged190
11	120475844	120489670	-1	PTmerged191
11	120512278	120524883	-1	PTmerged192
11	121500502	121508652	-1	PTmerged193
12	3550643	3557961	1	PTmerged194
12	3957821	3964149	1	PTmerged195
12	4011169	4017874	-1	PTmerged196
12	4153626	4163636	1	PTmerged197
12	7929275	7933874	-1	PTmerged198
12	23033366	23041023	-1	PTmerged199
12	76389374	76395539	-1	PTmerged202
12	80500654	80509772	-1	PTmerged203
12	80922883	80929452	1	PTmerged204
12	81758096	81771694	-1	PTmerged205
12	84182306	84194033	1	PTmerged206
12	87210497	87221662	-1	PTmerged207
12	98335439	98343427	-1	PTmerged209
12	98399608	98418312	1	PTmerged210
12	99156533	99163019	-1	PTmerged211
12	100855291	100878076	-1	PTmerged212
12	102746715	102752680	-1	PTmerged213
12	108169066	108174150	-1	PTmerged215
12	110762707	110767457	1	PTmerged216
12	110932858	110942188	1	PTmerged217
12	111226010	111235037	1	PTmerged219
13	22165635	22172136	1	PTmerged220
13	38155464	38163782	-1	PTmerged221
13	38374973	38384373	-1	PTmerged222
13	41787717	41798373	1	PTmerged223
13	49937557	49958085	1	PTmerged224
13	52268185	52278164	1	PTmerged225
13	53543412	53561772	1	PTmerged226
13	54808261	54813453	1	PTmerged228
13	55277263	55284997	1	PTmerged229
13	55458215	55472842	1	PTmerged230
13	56883676	56890118	1	PTmerged231
13	64338731	64346143	-1	PTmerged232
13	65442223	65452825	1	PTmerged233
13	95161233	95167178	1	PTmerged234
13	100833092	100841538	-1	PTmerged235
14	14089745	14103693	-1	PTmerged236
14	21842494	21848671	1	PTmerged237
14	24120485	24181316	1	PTmerged238
14	24189535	24199191	1	PTmerged239
14	24384218	24420816	-1	PTmerged240
14	24456828	24486313	-1	PTmerged242
14	24488625	24498980	-1	PTmerged244
14	26822911	26830684	1	PTmerged245
14	31226403	31232153	1	PTmerged246
14	32223055	32235577	-1	PTmerged247
14	45161591	45196503	1	PTmerged249
14	47556333	47560351	1	PTmerged250
14	54800658	54809268	-1	PTmerged251
14	57814771	57819784	-1	PTmerged252
14	61763335	61768473	1	PTmerged255
14	64085730	64092877	1	PTmerged257
14	65046786	65061131	-1	PTmerged258
14	65856554	65870067	-1	PTmerged259
14	76791299	76802047	-1	PTmerged260
14	76806371	76815033	-1	PTmerged261
14	78728309	78733262	-1	PTmerged263
14	78800468	78807558	-1	PTmerged264
14	79949876	79956909	1	PTmerged265
14	92058274	92065029	1	PTmerged266
15	6030267	6030825	-1	PTmerged267
15	33682431	33689927	-1	PTmerged270
15	58780891	58785466	1	PTmerged271
15	68233690	68247000	1	PTmerged273
15	72954847	72962670	-1	PTmerged274
15	72964145	72982103	-1	PTmerged275
15	73022955	73028693	-1	PTmerged276
15	73036853	73056646	-1	PTmerged277
15	73589789	73598643	-1	PTmerged278
15	74239589	74243864	-1	PTmerged279
15	74487948	74546041	1	PTmerged280
15	75493278	75503072	1	PTmerged282
15	75929253	75941231	-1	PTmerged283
15	78519767	78580579	-1	PTmerged284
15	78565428	78571110	1	PTmerged285
15	78850230	78858395	1	PTmerged286
15	79014694	79024485	1	PTmerged287
15	79807436	79850837	1	PTmerged288
15	80127905	80141590	1	PTmerged289
15	81332926	81345745	1	PTmerged290
15	81703176	81718390	1	PTmerged291
15	82239392	82251214	1	PTmerged292
15	82735720	82740535	-1	PTmerged293
15	85519602	85523116	1	PTmerged294
15	88629161	88635617	-1	PTmerged295
15	88663633	88668908	1	PTmerged296
15	88837193	88853057	-1	PTmerged297
15	88858681	88870540	-1	PTmerged298
15	89244555	89259104	1	PTmerged299
15	89433258	89444861	1	PTmerged300
15	89650218	89659751	1	PTmerged301
15	89950890	89959364	-1	PTmerged302
15	93137387	93142200	-1	PTmerged303
15	100376181	100380552	-1	PTmerged304
15	100469272	100481953	-1	PTmerged305
15	100713023	100723713	1	PTmerged306
15	102187542	102206417	1	PTmerged307
15	102336652	102348463	1	PTmerged308
15	102437351	102442790	-1	PTmerged309
15	103061764	103068317	-1	PTmerged310
15	103096472	103111316	-1	PTmerged311
16	4286998	4292972	-1	PTmerged312
16	4294601	4302853	-1	PTmerged313
16	4781502	4786994	1	PTmerged314
16	8473420	8484882	-1	PTmerged316
16	12922650	12926392	-1	PTmerged319
16	13228958	13237137	1	PTmerged320
16	13568757	13579114	1	PTmerged321
16	16559016	16574969	-1	PTmerged322
16	17048491	17059195	1	PTmerged323
16	17073940	17084880	1	PTmerged325
16	17297961	17307597	1	PTmerged326
16	18315441	18331571	1	PTmerged328
16	24799903	24812261	1	PTmerged329
16	30775569	30786635	-1	PTmerged330
16	31778141	31783135	-1	PTmerged331
16	37702461	37709144	1	PTmerged333
16	43783653	43792024	-1	PTmerged334
16	44553996	44561828	1	PTmerged335
16	46206741	46216507	-1	PTmerged336
16	59374483	59380129	-1	PTmerged337
16	69700208	69705279	1	PTmerged339
16	90043097	90049331	-1	PTmerged340
16	91112969	91118615	-1	PTmerged341
16	91301354	91309803	1	PTmerged342
16	91451564	91457464	1	PTmerged343
16	91721386	91725884	-1	PTmerged344
16	91875515	91884523	1	PTmerged345
16	95792551	95802739	-1	PTmerged346
17	3250657	3257293	1	PTmerged347
17	13597244	13604916	1	PTmerged348
17	13706788	13714268	-1	PTmerged349
17	24032646	24043286	1	PTmerged350
17	24292017	24299384	-1	PTmerged351
17	24392049	24399992	-1	PTmerged353
17	25156053	25165545	-1	PTmerged354
17	26589713	26598793	-1	PTmerged357
17	26658051	26666765	1	PTmerged358
17	26988561	26996298	1	PTmerged359
17	27127406	27139700	-1	PTmerged360
17	27422326	27483907	1	PTmerged362
17	27489770	27494281	-1	PTmerged364
17	27498366	27533726	-1	PTmerged365
17	27768991	27773960	-1	PTmerged367
17	27786433	27802413	1	PTmerged368
17	27803733	27808567	1	PTmerged369
17	27846416	27854849	-1	PTmerged370
17	28113135	28121924	1	PTmerged372
17	30793277	30802533	1	PTmerged374
17	33642492	33660001	1	PTmerged376
17	33856720	33871295	-1	PTmerged377
17	36310903	36325899	1	PTmerged378
17	45753958	45763989	-1	PTmerged379
17	46481054	46485720	-1	PTmerged380
17	50503523	50508386	-1	PTmerged382
17	50542006	50552536	1	PTmerged383
17	56374011	56381907	1	PTmerged385
17	66079429	66088005	-1	PTmerged387
17	66470525	66478973	-1	PTmerged389
17	66481994	66489024	-1	PTmerged390
17	67026944	67036970	1	PTmerged392
17	79189948	79197634	1	PTmerged393
17	83881650	83895728	-1	PTmerged394
17	84491384	84495427	-1	PTmerged395
18	3255125	3264995	-1	PTmerged396
18	9312369	9317083	-1	PTmerged397
18	10811995	10818535	1	PTmerged398
18	14892916	14903738	1	PTmerged399
18	24092936	24099519	1	PTmerged400
18	33331194	33337721	-1	PTmerged401
18	34446723	34451675	1	PTmerged402
18	35035220	35041242	-1	PTmerged404
18	44552047	44556989	1	PTmerged405
18	60816837	60825087	-1	PTmerged407
18	61324091	61333040	-1	PTmerged408
18	64622332	64631376	1	PTmerged410
18	65759115	65770124	1	PTmerged411
18	67158156	67229083	-1	PTmerged413
18	67208336	67239022	1	PTmerged414
18	76439510	76444438	1	PTmerged415
18	77056404	77064590	1	PTmerged416
18	77801907	77806654	1	PTmerged418
18	80168225	80176350	-1	PTmerged419
18	80265119	80269159	1	PTmerged420
19	4822028	4856897	-1	PTmerged421
19	5618076	5631964	1	PTmerged422
19	5890462	5896521	-1	PTmerged423
19	6349060	6356446	-1	PTmerged424
19	7188440	7195671	-1	PTmerged426
19	7250764	7255455	-1	PTmerged427
19	9960078	9967025	1	PTmerged428
19	12742717	12748459	-1	PTmerged430
19	23694370	23705977	1	PTmerged431
19	31882500	31912147	-1	PTmerged432
19	37224277	37247437	-1	PTmerged433
19	40580671	40585971	-1	PTmerged434
19	41846958	41851671	-1	PTmerged435
19	44289660	44295480	1	PTmerged436
19	44556445	44568471	1	PTmerged437
19	56774578	56781933	-1	PTmerged438
19	58859486	58876219	1	PTmerged439
19	61158437	61167443	-1	PTmerged440
